"RK",TIERS,"PLAYER NAME",TEAM,"POS","BYE","SOS","ECR VS ADP"
"1",1,"Ja'Marr Chase",CIN,"WR1","10","3 out of 5 stars","0"
"2",1,"Bijan Robinson",ATL,"RB1","5","4 out of 5 stars","0"
"3",1,"Jahmyr Gibbs",DET,"RB2","8","2 out of 5 stars","+1"
"4",1,"Saquon Barkley",PHI,"RB3","9","3 out of 5 stars","-1"
"5",1,"CeeDee Lamb",DAL,"WR2","10","2 out of 5 stars","+1"
"6",1,"Justin Jefferson",MIN,"WR3","6","2 out of 5 stars","-1"
"7",2,"Malik Nabers",NYG,"WR4","14","2 out of 5 stars","+4"
"8",2,"Christian McCaffrey",SF,"RB4","14","3 out of 5 stars","-1"
"9",2,"Nico Collins",HOU,"WR5","6","4 out of 5 stars","+3"
"10",2,"Amon-Ra St. Brown",DET,"WR6","8","3 out of 5 stars","-1"
"11",2,"Derrick Henry",BAL,"RB5","7","4 out of 5 stars","-3"
"12",2,"Puka Nacua",LAR,"WR7","8","3 out of 5 stars","+1"
"13",2,"Brian Thomas Jr.",JAC,"WR8","8","4 out of 5 stars","+2"
"14",2,"Ashton Jeanty",LV,"RB6","8","2 out of 5 stars","-4"
"15",2,"Drake London",ATL,"WR9","5","3 out of 5 stars","+2"
"16",3,"De'Von Achane",MIA,"RB7","12","4 out of 5 stars","-2"
"17",3,"A.J. Brown",PHI,"WR10","9","3 out of 5 stars","+4"
"18",3,"Brock Bowers",LV,"TE1","8","2 out of 5 stars","+2"
"19",3,"Jonathan Taylor",IND,"RB8","11","2 out of 5 stars","-1"
"20",3,"Josh Jacobs",GB,"RB9","5","4 out of 5 stars","-4"
"21",3,"Bucky Irving",TB,"RB10","9","3 out of 5 stars","-2"
"22",3,"Chase Brown",CIN,"RB11","10","4 out of 5 stars","+2"
"23",3,"Trey McBride",ARI,"TE2","8","5 out of 5 stars","+4"
"24",3,"Ladd McConkey",LAC,"WR11","12","3 out of 5 stars","+2"
"25",3,"Josh Allen",BUF,"QB1","7","4 out of 5 stars","-2"
"26",3,"Kyren Williams",LAR,"RB12","8","3 out of 5 stars","-1"
"27",3,"Lamar Jackson",BAL,"QB2","7","3 out of 5 stars","-5"
"28",4,"Jaxon Smith-Njigba",SEA,"WR12","8","3 out of 5 stars","+4"
"29",4,"Tee Higgins",CIN,"WR13","10","3 out of 5 stars","+2"
"30",4,"George Kittle",SF,"TE3","14","3 out of 5 stars","+5"
"31",4,"Tyreek Hill",MIA,"WR14","12","3 out of 5 stars","-3"
"32",4,"Jayden Daniels",WAS,"QB3","12","2 out of 5 stars","-3"
"33",4,"Mike Evans",TB,"WR15","9","3 out of 5 stars","+8"
"34",4,"Garrett Wilson",NYJ,"WR16","9","4 out of 5 stars","+3"
"35",4,"James Cook",BUF,"RB13","7","4 out of 5 stars","-5"
"36",4,"Davante Adams",LAR,"WR17","8","3 out of 5 stars","+8"
"37",4,"Jalen Hurts",PHI,"QB4","9","3 out of 5 stars","-1"
"38",4,"Kenneth Walker III",SEA,"RB14","8","3 out of 5 stars","+4"
"39",4,"Omarion Hampton",LAC,"RB15","12","2 out of 5 stars","-6"
"40",4,"Marvin Harrison Jr.",ARI,"WR18","8","4 out of 5 stars","0"
"41",4,"Alvin Kamara",NO,"RB16","11","4 out of 5 stars","-2"
"42",4,"Terry McLaurin",WAS,"WR19","12","3 out of 5 stars","+3"
"43",4,"Breece Hall",NYJ,"RB17","9","5 out of 5 stars","-9"
"44",4,"DJ Moore",CHI,"WR20","5","2 out of 5 stars","+4"
"45",5,"Joe Burrow",CIN,"QB5","10","2 out of 5 stars","-7"
"46",5,"DK Metcalf",PIT,"WR21","5","4 out of 5 stars","+1"
"47",5,"Chuba Hubbard",CAR,"RB18","14","3 out of 5 stars","-4"
"48",5,"Courtland Sutton",DEN,"WR22","12","3 out of 5 stars","+1"
"49",5,"James Conner",ARI,"RB19","8","3 out of 5 stars","-3"
"50",5,"TreVeyon Henderson",NE,"RB20","14","4 out of 5 stars","+3"
"51",5,"DeVonta Smith",PHI,"WR23","9","3 out of 5 stars","0"
"52",5,"Tetairoa McMillan",CAR,"WR24","14","4 out of 5 stars","+12"
"53",5,"Jameson Williams",DET,"WR25","8","3 out of 5 stars","+9"
"54",5,"Xavier Worthy",KC,"WR26","10","3 out of 5 stars","+3"
"55",5,"Calvin Ridley",TEN,"WR27","10","4 out of 5 stars","+13"
"56",5,"George Pickens",DAL,"WR28","10","2 out of 5 stars","+9"
"57",5,"Zay Flowers",BAL,"WR29","7","3 out of 5 stars","+3"
"58",5,"D'Andre Swift",CHI,"RB21","5","3 out of 5 stars","+3"
"59",5,"David Montgomery",DET,"RB22","8","2 out of 5 stars","-5"
"60",5,"Tony Pollard",TEN,"RB23","10","2 out of 5 stars","-2"
"61",5,"Jaylen Waddle",MIA,"WR30","12","3 out of 5 stars","+12"
"62",5,"Isiah Pacheco",KC,"RB24","10","2 out of 5 stars","-3"
"63",5,"RJ Harvey",DEN,"RB25","12","2 out of 5 stars","-11"
"64",5,"Sam LaPorta",DET,"TE4","8","3 out of 5 stars","-9"
"65",5,"Aaron Jones Sr.",MIN,"RB26","6","3 out of 5 stars","+2"
"66",6,"Patrick Mahomes II",KC,"QB6","10","3 out of 5 stars","-16"
"67",6,"T.J. Hockenson",MIN,"TE5","6","3 out of 5 stars","-1"
"68",6,"Travis Hunter",JAC,"WR31","8","4 out of 5 stars","+4"
"69",6,"Chris Olave",NO,"WR32","11","4 out of 5 stars","+6"
"70",6,"Rashee Rice",KC,"WR33","10","3 out of 5 stars","-14"
"71",6,"Baker Mayfield",TB,"QB7","9","2 out of 5 stars","-2"
"72",6,"Rome Odunze",CHI,"WR34","5","2 out of 5 stars","+7"
"73",6,"Bo Nix",DEN,"QB8","12","4 out of 5 stars","+1"
"74",6,"Tyrone Tracy Jr.",NYG,"RB27","14","3 out of 5 stars","+4"
"75",6,"Jerry Jeudy",CLE,"WR35","9","2 out of 5 stars","+2"
"76",6,"Ricky Pearsall",SF,"WR36","14","4 out of 5 stars","+13"
"77",6,"Kaleb Johnson",PIT,"RB28","5","4 out of 5 stars","-6"
"78",6,"Travis Kelce",KC,"TE6","10","3 out of 5 stars","-15"
"79",6,"Mark Andrews",BAL,"TE7","7","3 out of 5 stars","-3"
"80",6,"Jaylen Warren",PIT,"RB29","5","4 out of 5 stars","0"
"81",6,"Kyler Murray",ARI,"QB9","8","4 out of 5 stars","+5"
"82",6,"Stefon Diggs",NE,"WR37","14","3 out of 5 stars","+2"
"83",6,"Jakobi Meyers",LV,"WR38","8","4 out of 5 stars","+4"
"84",6,"Emeka Egbuka",TB,"WR39","9","3 out of 5 stars","+12"
"85",6,"David Njoku",CLE,"TE8","9","3 out of 5 stars","+3"
"86",6,"Dak Prescott",DAL,"QB10","10","2 out of 5 stars","+11"
"87",6,"Travis Etienne Jr.",JAC,"RB30","8","2 out of 5 stars","+5"
"88",6,"Evan Engram",DEN,"TE9","12","3 out of 5 stars","-6"
"89",7,"Jordan Addison",MIN,"WR40","6","2 out of 5 stars","-4"
"90",7,"Deebo Samuel Sr.",WAS,"WR41","12","3 out of 5 stars","-7"
"91",7,"Jordan Mason",MIN,"RB31","6","3 out of 5 stars","-1"
"92",7,"Brock Purdy",SF,"QB11","14","4 out of 5 stars","+3"
"93",7,"Jauan Jennings",SF,"WR42","14","4 out of 5 stars","+7"
"94",7,"Zach Charbonnet",SEA,"RB32","8","3 out of 5 stars","+9"
"95",7,"Tucker Kraft",GB,"TE10","5","2 out of 5 stars","+7"
"96",7,"Justin Fields",NYJ,"QB12","9","5 out of 5 stars","+8"
"97",7,"Justin Herbert",LAC,"QB13","12","3 out of 5 stars","+10"
"98",7,"Joe Mixon",HOU,"RB33","6","2 out of 5 stars","-28"
"99",7,"Khalil Shakir",BUF,"WR43","7","3 out of 5 stars","+9"
"100",7,"Javonte Williams",DAL,"RB34","10","2 out of 5 stars","+11"
"101",7,"Caleb Williams",CHI,"QB14","5","2 out of 5 stars","+9"
"102",7,"Jayden Reed",GB,"WR44","5","2 out of 5 stars","+4"
"103",7,"Drake Maye",NE,"QB15","14","5 out of 5 stars","+12"
"104",7,"Tyler Warren",IND,"TE11","11","3 out of 5 stars","+1"
"105",7,"J.K. Dobbins",DEN,"RB35","12","2 out of 5 stars","-4"
"106",7,"Jared Goff",DET,"QB16","8","2 out of 5 stars","-7"
"107",7,"Josh Downs",IND,"WR45","11","4 out of 5 stars","+10"
"108",7,"Rhamondre Stevenson",NE,"RB36","14","4 out of 5 stars","+4"
"109",7,"Chris Godwin Jr.",TB,"WR46","9","3 out of 5 stars","-16"
"110",7,"Cooper Kupp",SEA,"WR47","8","3 out of 5 stars","-16"
"111",7,"Michael Pittman Jr.",IND,"WR48","11","4 out of 5 stars","+11"
"112",7,"Tank Bigsby",JAC,"RB37","8","2 out of 5 stars","+1"
"113",7,"Jordan Love",GB,"QB17","5","2 out of 5 stars","+16"
"114",7,"Matthew Golden",GB,"WR49","5","2 out of 5 stars","-16"
"115",7,"Trevor Lawrence",JAC,"QB18","8","3 out of 5 stars","+43"
"116",7,"Cam Skattebo",NYG,"RB38","14","3 out of 5 stars","-7"
"117",7,"C.J. Stroud",HOU,"QB19","6","3 out of 5 stars","+6"
"118",7,"Jacory Croskey-Merritt",WAS,"RB39","12","2 out of 5 stars","+28"
"119",7,"Jake Ferguson",DAL,"TE12","10","2 out of 5 stars","+1"
"120",7,"Austin Ekeler",WAS,"RB40","12","2 out of 5 stars","+11"
"121",7,"Dalton Kincaid",BUF,"TE13","7","3 out of 5 stars","-2"
"122",8,"Darnell Mooney",ATL,"WR50","5","3 out of 5 stars","+26"
"123",8,"Quinshon Judkins",CLE,"RB41","9","4 out of 5 stars","-32"
"124",8,"Keon Coleman",BUF,"WR51","7","3 out of 5 stars","+4"
"125",8,"Braelon Allen",NYJ,"RB42","9","5 out of 5 stars","+13"
"126",8,"J.J. McCarthy",MIN,"QB20","6","2 out of 5 stars","+4"
"127",8,"Dallas Goedert",PHI,"TE14","9","3 out of 5 stars","+7"
"128",8,"Tyjae Spears",TEN,"RB43","10","2 out of 5 stars","+5"
"129",8,"Colston Loveland",CHI,"TE15","5","4 out of 5 stars","-15"
"130",8,"Rashid Shaheed",NO,"WR52","11","4 out of 5 stars","+21"
"131",8,"Rachaad White",TB,"RB44","9","3 out of 5 stars","+9"
"132",8,"Brandon Aiyuk",SF,"WR53","14","4 out of 5 stars","+4"
"133",8,"Najee Harris",LAC,"RB45","12","2 out of 5 stars","-17"
"134",8,"Brian Robinson Jr.",SF,"RB46","14","3 out of 5 stars","-53"
"135",8,"Ray Davis",BUF,"RB47","7","4 out of 5 stars","+17"
"136",8,"Trey Benson",ARI,"RB48","8","3 out of 5 stars","+8"
"137",8,"Christian Kirk",HOU,"WR54","6","4 out of 5 stars","+27"
"138",8,"Jaydon Blue",DAL,"RB49","10","2 out of 5 stars","-11"
"139",8,"Kyle Pitts Sr.",ATL,"TE16","5","3 out of 5 stars","-13"
"140",8,"Tyler Allgeier",ATL,"RB50","5","4 out of 5 stars","+26"
"141",8,"Bryce Young",CAR,"QB21","14","3 out of 5 stars","+27"
"142",8,"Tua Tagovailoa",MIA,"QB22","12","5 out of 5 stars","+17"
"143",8,"Rashod Bateman",BAL,"WR55","7","3 out of 5 stars","+33"
"144",8,"Marvin Mims Jr.",DEN,"WR56","12","3 out of 5 stars","+12"
"145",8,"Nick Chubb",HOU,"RB51","6","2 out of 5 stars","-10"
"146",8,"Cedric Tillman",CLE,"WR57","9","2 out of 5 stars","+63"
"147",8,"Michael Penix Jr.",ATL,"QB23","5","4 out of 5 stars","+14"
"148",8,"Hunter Henry",NE,"TE17","14","3 out of 5 stars","+5"
"149",8,"Luther Burden III",CHI,"WR58","5","2 out of 5 stars","-2"
"150",8,"Jerome Ford",CLE,"RB52","9","4 out of 5 stars","-5"
"151",8,"Bhayshul Tuten",JAC,"RB53","8","2 out of 5 stars","-10"
"152",8,"Zach Ertz",WAS,"TE18","12","3 out of 5 stars","+13"
"153",8,"Jayden Higgins",HOU,"WR59","6","4 out of 5 stars","-11"
"154",8,"Jonnu Smith",PIT,"TE19","5","3 out of 5 stars","-33"
"155",8,"Dylan Sampson",CLE,"RB54","9","4 out of 5 stars","+7"
"156",8,"Keenan Allen",LAC,"WR60","12","3 out of 5 stars","-7"
"157",8,"Rico Dowdle",CAR,"RB55","14","3 out of 5 stars","0"
"158",8,"Matthew Stafford",LAR,"QB24","8","3 out of 5 stars","+19"
"159",8,"Geno Smith",LV,"QB25","8","3 out of 5 stars","+21"
"160",8,"Isaac Guerendo",SF,"RB56","14","3 out of 5 stars","-17"
"161",9,"Marquise Brown",KC,"WR61","10","3 out of 5 stars","+11"
"162",9,"Romeo Doubs",GB,"WR62","5","2 out of 5 stars","+59"
"163",9,"Kyle Williams",NE,"WR63","14","3 out of 5 stars","+21"
"164",9,"DeMario Douglas",NE,"WR64","14","3 out of 5 stars","+48"
"165",9,"Wan'Dale Robinson",NYG,"WR65","14","2 out of 5 stars","+52"
"166",9,"Adam Thielen",CAR,"WR66","14","4 out of 5 stars","+7"
"167",9,"Tre' Harris",LAC,"WR67","12","3 out of 5 stars","-4"
"168",9,"Joshua Palmer",BUF,"WR68","7","3 out of 5 stars","+43"
"169",9,"Cam Ward",TEN,"QB26","10","2 out of 5 stars","-14"
"170",9,"Sam Darnold",SEA,"QB27","8","4 out of 5 stars","+8"
"171",9,"Jaylen Wright",MIA,"RB57","12","4 out of 5 stars","-1"
"172",9,"Brenton Strange",JAC,"TE20","8","3 out of 5 stars","+15"
"173",9,"Denver Broncos",DEN,"DST1","12","4 out of 5 stars","-49"
"174",9,"Xavier Legette",CAR,"WR69","14","4 out of 5 stars","+42"
"175",9,"Roschon Johnson",CHI,"RB58","5","3 out of 5 stars","+50"
"176",9,"Quentin Johnston",LAC,"WR70","12","3 out of 5 stars","+73"
"177",9,"Philadelphia Eagles",PHI,"DST2","9","2 out of 5 stars","-52"
"178",9,"Blake Corum",LAR,"RB59","8","3 out of 5 stars","+16"
"179",9,"Chig Okonkwo",TEN,"TE21","10","3 out of 5 stars","+12"
"180",9,"Isaiah Likely",BAL,"TE22","7","3 out of 5 stars","+8"
"181",9,"Pittsburgh Steelers",PIT,"DST3","5","3 out of 5 stars","-42"
"182",9,"Baltimore Ravens",BAL,"DST4","7","3 out of 5 stars","-32"
"183",9,"Mason Taylor",NYJ,"TE23","9","3 out of 5 stars","+12"
"184",9,"Minnesota Vikings",MIN,"DST5","6","2 out of 5 stars","-30"
"185",9,"Pat Freiermuth",PIT,"TE24","5","3 out of 5 stars","+15"
"186",9,"Mike Gesicki",CIN,"TE25","10","2 out of 5 stars","+15"
"187",9,"DeAndre Hopkins",BAL,"WR71","7","3 out of 5 stars","-18"
"188",9,"Jalen Coker",CAR,"WR72","14","4 out of 5 stars","+110"
"189",9,"Cade Otton",TB,"TE26","9","3 out of 5 stars","-3"
"190",9,"Houston Texans",HOU,"DST6","6","2 out of 5 stars","-19"
"191",9,"Buffalo Bills",BUF,"DST7","7","5 out of 5 stars","+7"
"192",9,"Brandon Aubrey",DAL,"K1","10","4 out of 5 stars","-74"
"193",9,"Alec Pierce",IND,"WR73","11","4 out of 5 stars","+49"
"194",9,"Kansas City Chiefs",KC,"DST8","10","1 out of 5 stars","-19"
"195",9,"Ollie Gordon II",MIA,"RB60","12","4 out of 5 stars","+31"
"196",9,"Kyle Monangai",CHI,"RB61","5","3 out of 5 stars","+17"
"197",9,"Detroit Lions",DET,"DST9","8","1 out of 5 stars","-14"
"198",10,"Cameron Dicker",LAC,"K2","12","5 out of 5 stars","-66"
"199",10,"Aaron Rodgers",PIT,"QB28","5","4 out of 5 stars","-18"
"200",10,"Jake Bates",DET,"K3","8","1 out of 5 stars","-63"
"201",10,"Will Shipley",PHI,"RB62","9","3 out of 5 stars","+21"
"202",10,"MarShawn Lloyd",GB,"RB63","5","4 out of 5 stars","+49"
"203",10,"Seattle Seahawks",SEA,"DST10","8","3 out of 5 stars","+21"
"204",10,"Los Angeles Rams",LAR,"DST11","8","3 out of 5 stars","+14"
"205",10,"Wil Lutz",DEN,"K4","12","5 out of 5 stars","-8"
"206",10,"Ka'imi Fairbairn",HOU,"K5","6","3 out of 5 stars","-39"
"207",10,"Chase McLaughlin",TB,"K6","9","3 out of 5 stars","-22"
"208",10,"Michael Wilson",ARI,"WR74","8","4 out of 5 stars","+64"
"209",10,"Green Bay Packers",GB,"DST12","5","2 out of 5 stars","+14"
"210",10,"Justice Hill",BAL,"RB64","7","4 out of 5 stars","+9"
"211",10,"Los Angeles Chargers",LAC,"DST13","12","5 out of 5 stars","+57"
"212",10,"Adonai Mitchell",IND,"WR75","11","4 out of 5 stars","+62"
"213",10,"DJ Giddens",IND,"RB65","11","2 out of 5 stars","+30"
"214",10,"Darius Slayton",NYG,"WR76","14","2 out of 5 stars","+49"
"215",10,"Kareem Hunt",KC,"RB66","10","2 out of 5 stars","-41"
"216",10,"Daniel Jones",IND,"QB29","11","3 out of 5 stars","+39"
"217",10,"Kendre Miller",NO,"RB67","11","4 out of 5 stars","+48"
"218",10,"Jalen McMillan",TB,"WR77","9","3 out of 5 stars","-36"
"219",10,"Harrison Butker",KC,"K7","10","3 out of 5 stars","-29"
"220",10,"Chris Rodriguez Jr.",WAS,"RB68","12","2 out of 5 stars","+51"
"221",10,"Chris Boswell",PIT,"K8","5","1 out of 5 stars","-61"
"222",10,"Dalton Schultz",HOU,"TE27","6","3 out of 5 stars","+17"
"223",10,"Elic Ayomanor",TEN,"WR78","10","4 out of 5 stars","+44"
"224",10,"Woody Marks",HOU,"RB69","6","2 out of 5 stars","-10"
"225",10,"Tyler Bass",BUF,"K9","7","2 out of 5 stars","-19"
"226",10,"San Francisco 49ers",SF,"DST14","14","5 out of 5 stars","-27"
"227",10,"Keaton Mitchell",BAL,"RB70","7","4 out of 5 stars","+2"
"228",10,"Andrei Iosivas",CIN,"WR79","10","3 out of 5 stars","+45"
"229",10,"Miles Sanders",DAL,"RB71","10","2 out of 5 stars","+4"
"230",10,"New York Jets",NYJ,"DST15","9","5 out of 5 stars","+2"
"231",10,"Jack Bech",LV,"WR80","8","4 out of 5 stars","-52"
"232",10,"Evan McPherson",CIN,"K10","10","1 out of 5 stars","-28"
"233",10,"Ja'Tavion Sanders",CAR,"TE28","14","4 out of 5 stars","+21"
"234",10,"Tahj Brooks",CIN,"RB72","10","4 out of 5 stars","0"
"235",10,"Jaylin Noel",HOU,"WR81","6","4 out of 5 stars","+29"
"236",10,"Anthony Richardson Sr.",IND,"QB30","11","3 out of 5 stars","-47"
"237",10,"Jake Elliott",PHI,"K11","9","2 out of 5 stars","-29"
"238",10,"Juwan Johnson",NO,"TE29","11","3 out of 5 stars","+37"
"239",10,"Dontayvion Wicks",GB,"WR82","5","2 out of 5 stars","+67"
"240",10,"Pat Bryant",DEN,"WR83","12","3 out of 5 stars","+1"
"241",10,"Calvin Austin III",PIT,"WR84","5","4 out of 5 stars","+63"
"242",10,"Russell Wilson",NYG,"QB31","14","1 out of 5 stars","+4"
"243",10,"Tyler Lockett",TEN,"WR85","10","4 out of 5 stars","+39"
"244",10,"Elijah Arroyo",SEA,"TE30","8","4 out of 5 stars","-51"
"245",10,"Jarquez Hunter",LAR,"RB73","8","3 out of 5 stars","-5"
"246",10,"Jason Sanders",MIA,"K12","12","2 out of 5 stars","-2"
"247",10,"Tampa Bay Buccaneers",TB,"DST16","9","3 out of 5 stars","-37"
"248",10,"Jalen Royals",KC,"WR86","10","3 out of 5 stars","+13"
"249",10,"Roman Wilson",PIT,"WR87","5","4 out of 5 stars","+17"
"250",10,"Devin Neal",NO,"RB74","11","4 out of 5 stars","+27"
"251",10,"Sean Tucker",TB,"RB75","9","3 out of 5 stars","+28"
"252",10,"Raheem Mostert",LV,"RB76","8","2 out of 5 stars","+7"
"253",10,"Younghoe Koo",ATL,"K13","5","4 out of 5 stars","-50"
"254",10,"Jaleel McLaughlin",DEN,"RB77","12","2 out of 5 stars","+56"
"255",10,"Dyami Brown",JAC,"WR88","8","4 out of 5 stars","+21"
"256",10,"Matt Gay",WAS,"K14","12","3 out of 5 stars","-25"
"257",10,"Dallas Cowboys",DAL,"DST17","10","0 out of 5 stars","-30"
"258",10,"Brashard Smith",KC,"RB78","10","2 out of 5 stars","-10"
"259",10,"Cole Kmet",CHI,"TE31","5","4 out of 5 stars","+21"
"260",11,"Devaughn Vele",NO,"WR89","11","4 out of 5 stars","+68"
"261",11,"Tory Horton",SEA,"WR90","8","3 out of 5 stars","-9"
"262",11,"Elijah Mitchell",KC,"RB79","10","2 out of 5 stars","-2"
"263",11,"Joe Flacco",CLE,"QB32","9","2 out of 5 stars","-7"
"264",11,"Kenneth Gainwell",PIT,"RB80","5","4 out of 5 stars","+81"
"265",11,"Brandin Cooks",NO,"WR91","11","4 out of 5 stars","+74"
"266",11,"Trevor Etienne",CAR,"RB81","14","3 out of 5 stars","+17"
"267",11,"Joshua Karty",LAR,"K15","8","2 out of 5 stars","+2"
"268",11,"Dont'e Thornton Jr.",LV,"WR92","8","4 out of 5 stars","-48"
"269",11,"Theo Johnson",NYG,"TE32","14","2 out of 5 stars","+21"
"270",11,"Jalen Tolbert",DAL,"WR93","10","2 out of 5 stars","+27"
"271",11,"Ty Johnson",BUF,"RB82","7","4 out of 5 stars","+37"
"272",11,"Devin Singletary",NYG,"RB83","14","3 out of 5 stars","+31"
"273",11,"Diontae Johnson",CLE,"WR94","9","2 out of 5 stars","+34"
"274",11,"Kayshon Boutte",NE,"WR95","14","3 out of 5 stars","+22"
"275",11,"Dameon Pierce",HOU,"RB84","6","2 out of 5 stars","+24"
"276",11,"Elijah Moore",BUF,"WR96","7","3 out of 5 stars","+75"
"277",11,"Noah Gray",KC,"TE33","10","3 out of 5 stars","+25"
"278",11,"Nick Westbrook-Ikhine",MIA,"WR97","12","3 out of 5 stars","-"
"279",11,"Tre Tucker",LV,"WR98","8","4 out of 5 stars","+50"
"280",11,"Antonio Gibson",NE,"RB85","14","4 out of 5 stars","+4"
"281",11,"Audric Estime",DEN,"RB86","12","2 out of 5 stars","+57"
"282",11,"Malik Washington",MIA,"WR99","12","3 out of 5 stars","+29"
"283",11,"Harold Fannin Jr.",CLE,"TE34","9","3 out of 5 stars","+22"
"284",11,"Isaac TeSlaa",DET,"WR100","8","3 out of 5 stars","-39"
"285",11,"Isaiah Davis",NYJ,"RB87","9","5 out of 5 stars","+68"
"286",11,"Cleveland Browns",CLE,"DST18","9","3 out of 5 stars","-24"
"287",11,"Jaxson Dart",NYG,"QB33","14","1 out of 5 stars","-40"
"288",11,"Jalen Nailor",MIN,"WR101","6","2 out of 5 stars","+43"
"289",11,"Darren Waller",MIA,"TE35","12","3 out of 5 stars","-84"
"290",11,"Chicago Bears",CHI,"DST19","5","2 out of 5 stars","-52"
"291",11,"Tyler Shough",NO,"QB34","11","5 out of 5 stars","-38"
"292",11,"Jordan James",SF,"RB88","14","3 out of 5 stars","+2"
"293",11,"Khalil Herbert",IND,"RB89","11","2 out of 5 stars","-"
"294",11,"Parker Washington",JAC,"WR102","8","4 out of 5 stars","+62"
"295",11,"Terrance Ferguson",LAR,"TE36","8","4 out of 5 stars","-4"
"296",11,"Daniel Carlson",LV,"K16","8","3 out of 5 stars","-68"
"297",11,"Kimani Vidal",LAC,"RB90","12","2 out of 5 stars","+57"
"298",11,"Tim Patrick",DET,"WR103","8","3 out of 5 stars","-"
"299",11,"Emanuel Wilson",GB,"RB91","5","4 out of 5 stars","+50"
"300",11,"Sincere McCormick",LV,"RB92","8","2 out of 5 stars","-"
"301",11,"Luke McCaffrey",WAS,"WR104","12","3 out of 5 stars","-"
"302",11,"Damien Martinez",SEA,"RB93","8","3 out of 5 stars","+53"
"303",11,"Will Reichard",MIN,"K17","6","0 out of 5 stars","-66"
"304",11,"Taysom Hill",NO,"TE37","11","3 out of 5 stars","+5"
"305",11,"Tyler Loop",BAL,"K18","7","2 out of 5 stars","-103"
"306",11,"Christian Watson",GB,"WR105","5","2 out of 5 stars","+24"
"307",11,"Chris Brooks",GB,"RB94","5","4 out of 5 stars","-"
"308",12,"Phil Mafah",DAL,"RB95","10","2 out of 5 stars","+49"
"309",12,"Ty Chandler",MIN,"RB96","6","3 out of 5 stars","-"
"310",12,"Xavier Restrepo",TEN,"WR106","10","4 out of 5 stars","+9"
"311",12,"Noah Fant",CIN,"TE38","10","2 out of 5 stars","+33"
"312",12,"Ray-Ray McCloud III",ATL,"WR107","5","3 out of 5 stars","-26"
"313",12,"Jermaine Burton",CIN,"WR108","10","3 out of 5 stars","+37"
"314",12,"Oronde Gadsden II",LAC,"TE39","12","3 out of 5 stars","+10"
"315",12,"Raheim Sanders",LAC,"RB97","12","2 out of 5 stars","-"
"316",12,"Amari Cooper",FA,"WR109","-","-","-27"
"317",12,"New England Patriots",NE,"DST20","14","4 out of 5 stars","-81"
"318",12,"Tyler Higbee",LAR,"TE40","8","4 out of 5 stars","-25"
"319",12,"Troy Franklin",DEN,"WR110","12","3 out of 5 stars","-49"
"320",12,"Zamir White",LV,"RB98","8","2 out of 5 stars","-"
"321",12,"Tutu Atwell",LAR,"WR111","8","3 out of 5 stars","+11"
"322",12,"Shedeur Sanders",CLE,"QB35","9","2 out of 5 stars","-130"
"323",12,"Samaje Perine",CIN,"RB99","10","4 out of 5 stars","-5"
"324",12,"Arizona Cardinals",ARI,"DST21","8","4 out of 5 stars","-74"
"325",12,"Tez Johnson",TB,"WR112","9","3 out of 5 stars","-"
"326",12,"Ben Sinnott",WAS,"TE41","12","3 out of 5 stars","+8"
"327",12,"Will Dissly",LAC,"TE42","12","3 out of 5 stars","-"
"328",12,"Spencer Rattler",NO,"QB36","11","5 out of 5 stars","-47"
"329",12,"Josh Reynolds",NYJ,"WR113","9","4 out of 5 stars","-"
"330",12,"Jason Myers",SEA,"K19","8","5 out of 5 stars","-"
"331",12,"Tyler Conklin",LAC,"TE43","12","3 out of 5 stars","-30"
"332",12,"Miami Dolphins",MIA,"DST22","12","2 out of 5 stars","-97"
"333",12,"Jordan Whittington",LAR,"WR114","8","3 out of 5 stars","0"
"334",12,"A.J. Dillon",PHI,"RB100","9","3 out of 5 stars","-47"
"335",12,"Noah Brown",WAS,"WR115","12","3 out of 5 stars","-15"
"336",12,"Zack Moss",FA,"RB101","-","-","-44"
"337",12,"KaVontae Turpin",DAL,"WR116","10","2 out of 5 stars","-14"
"338",12,"Cam Akers",NO,"RB102","11","4 out of 5 stars","-"
"339",12,"Gabe Davis",FA,"WR117","-","-","-"
"340",12,"AJ Barner",SEA,"TE44","8","4 out of 5 stars","-"
"341",12,"Demarcus Robinson",SF,"WR118","14","4 out of 5 stars","0"
"342",12,"Jalen Milroe",SEA,"QB37","8","4 out of 5 stars","-54"
"343",12,"Michael Mayer",LV,"TE45","8","2 out of 5 stars","-"
"344",12,"Marquez Valdes-Scantling",SEA,"WR119","8","3 out of 5 stars","-4"
"345",12,"KeAndre Lambert-Smith",LAC,"WR120","12","3 out of 5 stars","-29"
"346",12,"Dawson Knox",BUF,"TE46","7","3 out of 5 stars","-"
"347",12,"New York Giants",NYG,"DST23","14","1 out of 5 stars","-132"
"348",12,"John Metchie III",PHI,"WR121","9","3 out of 5 stars","-"
"349",12,"Jaylin Lane",WAS,"WR122","12","3 out of 5 stars","-"
"350",12,"Tai Felton",MIN,"WR123","6","2 out of 5 stars","+2"
"351",12,"Isaiah Bond",CLE,"WR124","9","2 out of 5 stars","-4"
"352",12,"Brandon McManus",GB,"K20","5","3 out of 5 stars","-122"
"353",12,"Cam Little",JAC,"K21","8","5 out of 5 stars","-157"
"354",12,"Olamide Zaccheaus",CHI,"WR125","5","2 out of 5 stars","-54"
"355",12,"Kalel Mullings",TEN,"RB103","10","2 out of 5 stars","-"
"356",12,"Kirk Cousins",ATL,"QB38","5","4 out of 5 stars","-71"
"357",12,"Austin Hooper",NE,"TE47","14","3 out of 5 stars","-"
"358",12,"Luke Musgrave",GB,"TE48","5","2 out of 5 stars","-"
"359",12,"Jake Moody",SF,"K22","14","5 out of 5 stars","-102"
"360",12,"Justin Tucker",FA,"K23","-","-","-"
"361",12,"Chimere Dike",TEN,"WR126","10","4 out of 5 stars","-"
"362",13,"Emari Demercado",ARI,"RB104","8","3 out of 5 stars","-"
"363",13,"Savion Williams",GB,"WR127","5","2 out of 5 stars","-"
"364",13,"Gunnar Helm",TEN,"TE49","10","3 out of 5 stars","-"
"365",13,"Gus Edwards",FA,"RB105","-","-","-"
"366",13,"Washington Commanders",WAS,"DST24","12","4 out of 5 stars","-159"
"367",13,"Mack Hollins",NE,"WR128","14","3 out of 5 stars","-"
"368",13,"Curtis Samuel",BUF,"WR129","7","3 out of 5 stars","-"
"369",13,"LeQuint Allen Jr.",JAC,"RB106","8","2 out of 5 stars","-"
"370",13,"Allen Lazard",NYJ,"WR130","9","4 out of 5 stars","-"
"371",13,"Jameis Winston",NYG,"QB39","14","1 out of 5 stars","-"
"372",13,"Greg Dortch",ARI,"WR131","8","4 out of 5 stars","-"
"373",13,"Donovan Edwards",NYJ,"RB107","9","5 out of 5 stars","-"
"374",13,"Zay Jones",ARI,"WR132","8","4 out of 5 stars","-"
"375",13,"Jahan Dotson",PHI,"WR133","9","3 out of 5 stars","-"
"376",13,"Foster Moreau",NO,"TE50","11","3 out of 5 stars","-"
"377",13,"Cade Stover",HOU,"TE51","6","3 out of 5 stars","-"
"378",13,"Tommy Tremble",CAR,"TE52","14","4 out of 5 stars","-"
"379",13,"Van Jefferson",TEN,"WR134","10","4 out of 5 stars","-"
"380",13,"Luke Schoonmaker",DAL,"TE53","10","2 out of 5 stars","-"
"381",13,"Josh Oliver",MIN,"TE54","6","3 out of 5 stars","-"
"382",13,"Hunter Renfrow",CAR,"WR135","14","4 out of 5 stars","-"
"383",13,"Atlanta Falcons",ATL,"DST25","5","3 out of 5 stars","-"
"384",13,"Jacob Cowing",SF,"WR136","14","4 out of 5 stars","-"
"385",13,"Trey Sermon",PIT,"RB108","5","4 out of 5 stars","-"
"386",13,"Dillon Gabriel",CLE,"QB40","9","2 out of 5 stars","-"
"387",13,"Jimmy Garoppolo",LAR,"QB41","8","3 out of 5 stars","-92"
"388",13,"Kenny Pickett",CLE,"QB42","9","2 out of 5 stars","-"
"389",13,"Kyle Juszczyk",SF,"RB109","14","3 out of 5 stars","-"
"390",13,"Craig Reynolds",DET,"RB110","8","2 out of 5 stars","-"
"391",13,"Indianapolis Colts",IND,"DST26","11","4 out of 5 stars","-74"
"392",13,"Grant Calcaterra",PHI,"TE55","9","3 out of 5 stars","-"
"393",13,"JuJu Smith-Schuster",KC,"WR137","10","3 out of 5 stars","-"
"394",13,"Tyrod Taylor",NYJ,"QB43","9","5 out of 5 stars","-"
"395",13,"Robert Woods",PIT,"WR138","5","4 out of 5 stars","-"
"396",13,"Pierre Strong Jr.",CLE,"RB111","9","4 out of 5 stars","-"
"397",13,"Cincinnati Bengals",CIN,"DST27","10","2 out of 5 stars","-139"
"398",13,"Eddy Pineiro",FA,"K24","-","-","-"
"399",13,"Jamari Thrash",CLE,"WR139","9","2 out of 5 stars","-"
"400",13,"Jeremy Ruckert",NYJ,"TE56","9","3 out of 5 stars","-"
"401",13,"Tank Dell",HOU,"WR140","6","4 out of 5 stars","-"
"402",13,"Arian Smith",NYJ,"WR141","9","4 out of 5 stars","-"
"403",13,"Chad Ryland",ARI,"K25","8","3 out of 5 stars","-"
"404",13,"Efton Chism III",NE,"WR142","14","3 out of 5 stars","-90"
"405",13,"Theo Wease Jr.",MIA,"WR143","12","3 out of 5 stars","-"
"406",13,"Stone Smartt",NYJ,"TE57","9","3 out of 5 stars","-"
"407",13,"Jeremy McNichols",WAS,"RB112","12","2 out of 5 stars","-"
"408",13,"Mason Rudolph",PIT,"QB44","5","4 out of 5 stars","-"
"409",13,"Mitchell Evans",CAR,"TE58","14","4 out of 5 stars","-"
"410",13,"Clyde Edwards-Helaire",NO,"RB113","11","4 out of 5 stars","-"
"411",13,"Devontez Walker",BAL,"WR144","7","3 out of 5 stars","-"
"412",13,"Antwane Wells Jr.",NYG,"WR145","14","2 out of 5 stars","-"
"413",13,"Jonathon Brooks",CAR,"RB114","14","3 out of 5 stars","-"
"414",13,"Kendrick Bourne",NE,"WR146","14","3 out of 5 stars","-"
"415",13,"Elijah Higgins",ARI,"TE59","8","5 out of 5 stars","-"
"416",13,"Tyler Goodson",IND,"RB115","11","2 out of 5 stars","-"
"417",13,"Jordan Watkins",SF,"WR147","14","4 out of 5 stars","-"
"418",13,"Greg Dulcich",NYG,"TE60","14","2 out of 5 stars","-"
"419",13,"Joe Milton III",DAL,"QB45","10","2 out of 5 stars","-"
"420",13,"Ja'Quinden Jackson",JAC,"RB116","8","2 out of 5 stars","-"
"421",13,"Matt Prater",FA,"K26","-","-","-"
"422",13,"Malik Willis",GB,"QB46","5","2 out of 5 stars","-"
"423",13,"Jalin Hyatt",NYG,"WR148","14","2 out of 5 stars","-"
"424",13,"Aidan O'Connell",LV,"QB47","8","3 out of 5 stars","-"
"425",13,"Darnell Washington",PIT,"TE61","5","3 out of 5 stars","-"
"426",13,"Jacksonville Jaguars",JAC,"DST28","8","4 out of 5 stars","-101"
"427",13,"Las Vegas Raiders",LV,"DST29","8","4 out of 5 stars","-105"
"428",13,"Carson Steele",KC,"RB117","10","2 out of 5 stars","-"
"429",13,"Dare Ogunbowale",HOU,"RB118","6","2 out of 5 stars","-"
"430",13,"Marcus Mariota",WAS,"QB48","12","2 out of 5 stars","-"
"431",13,"KhaDarel Hodge",ATL,"WR149","5","3 out of 5 stars","-"
"432",13,"Blake Grupe",NO,"K27","11","5 out of 5 stars","-"
"433",13,"Jonathan Mingo",DAL,"WR150","10","2 out of 5 stars","-"
"434",13,"Tyler Johnson",NYJ,"WR151","9","4 out of 5 stars","-"
"435",14,"Tennessee Titans",TEN,"DST30","10","5 out of 5 stars","-157"
"436",14,"New Orleans Saints",NO,"DST31","11","4 out of 5 stars","-110"
"437",14,"Sam Howell",MIN,"QB49","6","2 out of 5 stars","-"
"438",14,"Cairo Santos",CHI,"K28","5","1 out of 5 stars","-"
"439",14,"Alec Ingold",MIA,"RB119","12","4 out of 5 stars","-"
"440",14,"Julius Chestnut",TEN,"RB120","10","2 out of 5 stars","-"
"441",14,"Zach Wilson",MIA,"QB50","12","5 out of 5 stars","-"
"442",14,"Malachi Corley",NYJ,"WR152","9","4 out of 5 stars","-"
"443",14,"Xavier Hutchinson",HOU,"WR153","6","4 out of 5 stars","-"
"444",14,"Carolina Panthers",CAR,"DST32","14","3 out of 5 stars","-"
"445",14,"Graham Gano",NYG,"K29","14","0 out of 5 stars","-"
"446",14,"Jimmy Horn Jr.",CAR,"WR154","14","4 out of 5 stars","-"
"447",14,"Spencer Shrader",IND,"K30","11","5 out of 5 stars","-"
"448",14,"Kalif Raymond",DET,"WR155","8","3 out of 5 stars","-"
"449",14,"D'Ernest Johnson",BAL,"RB121","7","4 out of 5 stars","-"
"450",14,"Jake Browning",CIN,"QB51","10","2 out of 5 stars","-"
"451",14,"Jake Bobo",SEA,"WR156","8","3 out of 5 stars","-"
"452",14,"Chris Tyree",NO,"RB122","11","4 out of 5 stars","-"
"453",14,"Cooper Rush",BAL,"QB52","7","3 out of 5 stars","-"
"454",14,"George Holani",SEA,"RB123","8","3 out of 5 stars","-"
"455",14,"Colby Parkinson",LAR,"TE62","8","4 out of 5 stars","-"
"456",14,"Tyquan Thornton",KC,"WR157","10","3 out of 5 stars","-"
"457",14,"Daniel Bellinger",NYG,"TE63","14","2 out of 5 stars","-"
"458",14,"Jacoby Brissett",ARI,"QB53","8","4 out of 5 stars","-"
"459",14,"Gardner Minshew II",KC,"QB54","10","3 out of 5 stars","-"
"460",14,"Josh Whyle",TEN,"TE64","10","3 out of 5 stars","-"
"461",14,"Michael Gallup",WAS,"WR158","12","3 out of 5 stars","-"
"462",14,"Deshaun Watson",CLE,"QB55","9","2 out of 5 stars","-"
"463",14,"Lucky Jackson",MIN,"WR159","6","2 out of 5 stars","-"
"464",14,"Johnny Mundt",JAC,"TE65","8","3 out of 5 stars","-"
"465",14,"Cordarrelle Patterson",FA,"RB124","-","-","-"
"466",14,"Javon Baker",NE,"WR160","14","3 out of 5 stars","-"
"467",14,"Casey Washington",ATL,"WR161","5","3 out of 5 stars","-"
"468",14,"Tanner Hudson",CIN,"TE66","10","2 out of 5 stars","-"
"469",14,"Tanner McKee",PHI,"QB56","9","3 out of 5 stars","-133"
"470",14,"Andrew Beck",NYJ,"TE67","9","3 out of 5 stars","-"
"471",14,"Deuce Vaughn",DAL,"RB125","10","2 out of 5 stars","-"
"472",14,"Carlos Washington Jr.",ATL,"RB126","5","4 out of 5 stars","-"
"473",14,"Jake Haener",NO,"QB57","11","5 out of 5 stars","-"
"474",14,"Tyler Badie",DEN,"RB127","12","2 out of 5 stars","-"
"475",14,"Adam Trautman",DEN,"TE68","12","3 out of 5 stars","-"
"476",14,"Charlie Woerner",ATL,"TE69","5","3 out of 5 stars","-"
"477",14,"Tyson Bagent",CHI,"QB58","5","2 out of 5 stars","-"
"478",14,"Thomas Fidone II",NYG,"TE70","14","2 out of 5 stars","-"
"479",14,"Michael Carter",ARI,"RB128","8","3 out of 5 stars","-"
"480",14,"Marcus Yarns",NO,"RB129","11","4 out of 5 stars","-"
"481",14,"Andy Dalton",CAR,"QB59","14","3 out of 5 stars","-"
"482",14,"Sione Vaki",DET,"RB130","8","2 out of 5 stars","-"
"483",14,"John Bates",WAS,"TE71","12","3 out of 5 stars","-"
"484",14,"Quinn Ewers",MIA,"QB60","12","5 out of 5 stars","-"
"485",14,"Julian Hill",MIA,"TE72","12","3 out of 5 stars","-"
"486",14,"Matthew Wright",CAR,"K31","14","2 out of 5 stars","-"
"487",14,"Jeff Wilson Jr.",SF,"RB131","14","3 out of 5 stars","-"
"488",14,"K.J. Osborn",WAS,"WR162","12","3 out of 5 stars","-"
"489",14,"David Moore",CAR,"WR163","14","4 out of 5 stars","-"
"490",14,"Andy Borregales",NE,"K32","14","4 out of 5 stars","-"
"491",14,"Mitchell Tinsley",CIN,"WR164","10","3 out of 5 stars","-149"
"492",14,"Dylan Laube",LV,"RB132","8","2 out of 5 stars","-"
"493",14,"Nick Mullens",JAC,"QB61","8","3 out of 5 stars","-"
"494",14,"Payne Durham",TB,"TE73","9","3 out of 5 stars","-"
"495",14,"Harrison Bryant",HOU,"TE74","6","3 out of 5 stars","-"
"496",14,"Skyy Moore",SF,"WR165","14","4 out of 5 stars","-"
"497",14,"Hassan Haskins",LAC,"RB133","12","2 out of 5 stars","-"
"498",14,"Davis Mills",HOU,"QB62","6","3 out of 5 stars","-"
"499",14,"Rasheen Ali",BAL,"RB134","7","4 out of 5 stars","-"
"500",14,"Derius Davis",LAC,"WR166","12","3 out of 5 stars","-"
"501",14,"Brock Wright",DET,"TE75","8","3 out of 5 stars","-"
"502",14,"Jaydn Ott",FA,"RB135","-","-","-"
"503",14,"Joey Slye",TEN,"K33","10","3 out of 5 stars","-"
"504",14,"Kylen Granson",PHI,"TE76","9","3 out of 5 stars","-"
"505",14,"David Bell",CLE,"WR167","9","2 out of 5 stars","-"
"506",14,"Cedrick Wilson Jr.",NO,"WR168","11","4 out of 5 stars","-"
"507",14,"Jarrett Stidham",DEN,"QB63","12","4 out of 5 stars","-"
"508",14,"Tylan Wallace",BAL,"WR169","7","3 out of 5 stars","-"
"509",14,"Luke Farrell",SF,"TE77","14","3 out of 5 stars","-"
"510",14,"Joshua Dobbs",NE,"QB64","14","5 out of 5 stars","-"
"511",14,"C.J. Ham",MIN,"RB136","6","3 out of 5 stars","-"
"512",14,"Trent Sherfield Sr.",DEN,"WR170","12","3 out of 5 stars","-"
"513",14,"Simi Fehoko",ARI,"WR171","8","4 out of 5 stars","-"
"514",14,"Michael Burton",DEN,"RB137","12","2 out of 5 stars","-"
"515",14,"Will Howard",PIT,"QB65","5","4 out of 5 stars","-"
"516",14,"Drew Lock",SEA,"QB66","8","4 out of 5 stars","-"
"517",14,"Hunter Long",JAC,"TE78","8","3 out of 5 stars","-"
"518",14,"Trey Lance",LAC,"QB67","12","3 out of 5 stars","-"
"519",14,"Patrick Ricard",BAL,"RB138","7","4 out of 5 stars","-"
"520",14,"Scotty Miller",PIT,"WR172","5","4 out of 5 stars","-"
"521",14,"Jase McClellan",TB,"RB139","9","3 out of 5 stars","-"
"522",14,"Drew Sample",CIN,"TE79","10","2 out of 5 stars","-"
"523",14,"Luke Lachey",HOU,"TE80","6","3 out of 5 stars","-"
"524",14,"Ezekiel Elliott",FA,"RB140","-","-","-"
"525",14,"Ian Thomas",LV,"TE81","8","2 out of 5 stars","-"
"526",14,"Kyle Trask",TB,"QB68","9","2 out of 5 stars","-"
"527",15,"DeeJay Dallas",ARI,"RB141","8","3 out of 5 stars","-"
"528",15,"Corey Kiner",SF,"RB142","14","3 out of 5 stars","-"
"529",15,"Konata Mumpfield",LAR,"WR173","8","3 out of 5 stars","-"
"530",15,"Hunter Luepke",DAL,"RB143","10","2 out of 5 stars","-"
"531",15,"Bub Means",NO,"WR174","11","4 out of 5 stars","-"
"532",15,"Nick Nash",ATL,"WR175","5","3 out of 5 stars","-"
"533",15,"Tommy Mellott",LV,"QB69","8","3 out of 5 stars","-"
"534",15,"Beaux Collins",NYG,"WR176","14","2 out of 5 stars","-"
"535",15,"Russell Gage Jr.",SF,"WR177","14","4 out of 5 stars","-"
"536",15,"Eric Gray",NYG,"RB144","14","3 out of 5 stars","-"
"537",15,"DJ Chark Jr.",FA,"WR178","-","-","-"
"538",15,"Mitchell Trubisky",BUF,"QB70","7","4 out of 5 stars","-"
"539",15,"Sterling Shepard",TB,"WR179","9","3 out of 5 stars","-"
"540",15,"Eric Saubert",SEA,"TE82","8","4 out of 5 stars","-"
"541",15,"Hendon Hooker",DET,"QB71","8","2 out of 5 stars","-"
"542",15,"Charlie Kolar",BAL,"TE83","7","3 out of 5 stars","-"
"543",15,"DeAndre Carter",CLE,"WR180","9","2 out of 5 stars","-"
"544",15,"Ainias Smith",PHI,"WR181","9","3 out of 5 stars","-"
"545",15,"Mac Jones",SF,"QB72","14","4 out of 5 stars","-"
"546",15,"Velus Jones Jr.",NO,"WR182","11","4 out of 5 stars","-"
"547",15,"Robbie Ouzts",SEA,"TE84","8","4 out of 5 stars","-"
"548",15,"Mo Alie-Cox",IND,"TE85","11","3 out of 5 stars","-"
"549",15,"Dalvin Cook",FA,"RB145","-","-","-"
"550",15,"Charlie Jones",CIN,"WR183","10","3 out of 5 stars","-"
"551",15,"John Stephens Jr.",DAL,"WR184","10","2 out of 5 stars","-"
"552",15,"Ricky White III",SEA,"WR185","8","3 out of 5 stars","-"
"553",15,"Ben Skowronek",PIT,"WR186","5","4 out of 5 stars","-"
"554",15,"Pharaoh Brown",MIA,"TE86","12","3 out of 5 stars","-"
"555",15,"Taylor Heinicke",LAC,"QB73","12","3 out of 5 stars","-"
"556",15,"Jalen Brooks",DAL,"WR187","10","2 out of 5 stars","-"
"557",15,"Ross Dwelley",FA,"TE87","-","-","-"
"558",15,"Travis Homer",CHI,"RB146","5","3 out of 5 stars","-"
"559",15,"Ronnie Rivers",LAR,"RB147","8","3 out of 5 stars","-"
"560",15,"Lucas Krull",DEN,"TE88","12","3 out of 5 stars","-"
"561",15,"Michael Bennett",FA,"WR188","-","-","-"
"562",15,"Brevyn Spann-Ford",DAL,"TE89","10","2 out of 5 stars","-"
"563",15,"Robert Tonyan",KC,"TE90","10","3 out of 5 stars","-"
"564",15,"Durham Smythe",CHI,"TE91","5","4 out of 5 stars","-"
"565",15,"Michael Wiley",KC,"RB148","10","2 out of 5 stars","-"
"566",15,"Terrace Marshall Jr.",PHI,"WR189","9","3 out of 5 stars","-"
"567",15,"Jackson Hawes",BUF,"TE92","7","3 out of 5 stars","-"
"568",15,"Jelani Woods",IND,"TE93","11","3 out of 5 stars","-"
"569",15,"Frank Gore Jr.",BUF,"RB149","7","4 out of 5 stars","-"
"570",15,"Jared Wiley",KC,"TE94","10","3 out of 5 stars","-"
"571",15,"Jakob Johnson",HOU,"RB150","6","2 out of 5 stars","-"
"572",15,"Cole Turner",WAS,"TE95","12","3 out of 5 stars","-"
"573",15,"Michael Woods II",FA,"WR190","-","-","-"
"574",15,"Troy Hairston II",FA,"RB151","-","-","-"
"575",15,"Teagan Quitoriano",ATL,"TE96","5","3 out of 5 stars","-"
"576",15,"Keaontay Ingram",KC,"RB152","10","2 out of 5 stars","-"
"577",16,"Kyle Allen",DET,"QB74","8","2 out of 5 stars","-"
"578",16,"Israel Abanikanda",GB,"RB153","5","4 out of 5 stars","-"
"579",16,"Jawhar Jordan",HOU,"RB154","6","2 out of 5 stars","-"
"580",16,"Tim Jones",MIN,"WR191","6","2 out of 5 stars","-"
"581",16,"Bo Melton",GB,"WR192","5","2 out of 5 stars","-"